ServicePlanId,ServicePlanFriendlyNames
604ec28a-ae18-4bc6-91b0-11da94504ba9,Microsoft 365 Advanced Communications
a7c70a41-5e02-4271-93e6-d9b4184d83f5,AI Builder capacity add-on
0bfc98ed-1dbc-4a97-b246-701754e48b17,APP CONNECT
5f3b1ded-75c0-4b31-8e6e-9b077eaadfd5,Microsoft Application Protection and Governance (A)
2e6ffd72-52d1-4541-8f6c-938f9a8d4cdc,Microsoft Application Protection and Governance (D)
80f0ae31-0dfb-425c-b3fc-36f40170eb35,Career Coach
430b908f-78e1-4812-b045-cf83320e7d5d,Microsoft Clipchamp Premium
f7e5b77d-f293-410a-bae8-f941f19fe680,OneDrive for Business (Clipchamp)
c4da7f8a-5ee2-4c99-a7e1-87d2df57f6fe,Microsoft Entra BASIC
bea4c11e-220a-4e6d-8eb8-8ea15d019f90,AZURE INFORMATION PROTECTION PREMIUM P1
6c57d4b6-3b23-47a5-9bc9-69f17b4947b3,Microsoft Entra RIGHTS
b4ac11a0-32ff-4e78-982d-e039fa803dec,Office for the web with OneDrive for business
448898aa-3ae7-478c-b49a-1fac7a8a35cf,Skype Meetings
6db7aeea-6c4a-475d-bbb0-7338bc73d646,Yammer
dd12a3a8-caec-44f8-b4fb-2f1a864b51e3,Common Data Service for Apps File Capacity
360bcc37-0c11-4264-8eed-9fa7a3297c9b,Common Data Service for Apps Database Capacity
1ddffef6-4f69-455e-89c7-d5d72105f915,Common Data Service for Apps Database Capacity for Government
dc48f5c5-e87d-43d6-b884-7ac4a59e7ee9,Common Data Service for Apps Log Capacity
505e180f-f7e0-4b65-91d4-00d670bbd18c,COMMUNICATIONS CREDITS
3a117d30-cfac-4f00-84ac-54f8b6a18d78,Compliance Manager Premium Assessment Add-On
fbdb91e6-7bfd-4a1f-8f7a-d27f4ef39702,Defender Threat Intelligence
77866113-0f3e-4e6e-9666-b1e25c6f99b0,Microsoft Dynamics CRM Online Storage Add-On
eeea837a-c885-4167-b3d5-ddde30cbd85f,Microsoft Dynamics CRM Online Instance
a98b7619-66c7-4885-bdfc-1d9c8c3d279f,Microsoft Dynamics CRM Online Additional Test Instance
339f4def-5ad8-4430-8d12-da5fd4c769a7,Dynamics 365 AI for Market Insights - Free
90467813-5b40-40d4-835c-abd48009b1d9,Asset Maintenance Add-in
d397d6c6-9664-4502-b71c-66f39c400ca4,Dynamics 365 Business Central Additional Environment Addon
ae6b27b3-fe31-4e77-ae06-ec5fabbc103a,Dynamics 365 Business Central Database Capacity
920656a2-7dd8-4c83-97b6-a356414dbd36,Dynamics 365 for Business Central Essentials
170991d7-b98e-41c5-83d4-db2052e1795f,Dynamics 365 Business Central External Accountant
3f2afeed-6fb5-4bf9-998f-f2912133aead,Dynamics 365 Business Central for IWs
8e9002c0-a1d8-4465-b952-817d2948e6e2,Dynamics 365 Business Central Premium
d9a6391b-8970-4976-bd94-5f205007c8d8,Dynamics 365 for Team Members
874d6da5-2a67-45c1-8635-96e8b3e300ea,Dynamics 365 for Retail Trial
1412cdc1-d593-4ad1-9050-40c30ad0b023,Dynamics 365 Customer Service Insights for CE Plan
97f29a83-1a20-44ff-bf48-5e4ad11f3e51,Microsoft Dynamics 365 Customer Voice for Customer Engagement Plan
0b03f40b-c404-40c3-8651-2aceb74365fa,Power Apps for Dynamics 365
b650d915-9886-424b-a08d-633cede56f57,Power Automate for Dynamics 365
d04ca659-b119-4a92-b8fc-3ede584a9d65,Dataverse for Customer Insights�BASE
e304c3c3-f86c-4200-b174-1ade48805b22,Dynamics 365 Customer Service Digital Messaging application integration for Government
9d37aa61-3cc3-457c-8b54-e6f3853aa6b6,Dynamics 365 Customer Service Digital Messaging add-on for Government
411b0c93-8f89-455e-a663-c0a3effd12c3,Dynamics 365 for Customer Service Voice Add-in for Government
cad9c719-36e0-43c7-9506-6886f272d4f0,Power Virtual Agents for Customer Service Voice for Government
e501d49b-1176-4816-aece-2563c0d995db,Power Virtual Agents for Digital Messaging for Gov
b9f7ce72-67ff-4695-a9d9-5ff620232024,Dynamics 365 Customer Service Chat Application Integration for Government
ffb878a5-3184-472b-800b-65eadc63d764,Dynamics 365 for Customer Service Chat for Government
9023fe69-f9e0-4c1e-bfde-654954469162,Power Virtual Agents for Chat for Gov
47c2b191-a5fb-4129-b690-00c474d2f623,Dynamics 365 Customer Service Digital Messaging add-on
99340b49-fb81-4b1e-976b-8f2ae8e9394f,Dynamics 365 for Customer Service
f6ec6dfa-2402-468d-a455-89be11116d43,Dynamics 365 for Customer Service Voice Add-in
a3dce1be-e9ca-453a-9483-e69a5b46ce98,Power Virtual Agents for Customer Service Voice
2d2f174c-c3cc-4abe-9ce8-4dd86f469ab1,Power Virtual Agents for Digital Messaging
d04ca659-b119-4a92-b8fc-3ede584a9d65,Dataverse for Cust Insights�BASE
ca00cff5-2568-4d03-bb6c-a653a8f360ca,Common Data Service for Customer Insights
ee85d528-c4b4-4a99-9b07-fb9a1365dc93,Dynamics 365 Customer Insights
b3c26516-3b8d-492f-a5a3-64d70ad3f8d0,Dynamics 365 Customer Insights Engagement Insights
46c5ea0a-2343-49d9-ae4f-1c268b232d53,Microsoft Dynamics 365 Customer Voice for Customer Insights App
94e5cbf6-d843-4ee8-a2ec-8b15eb52019e,Common Data Service for Customer Insights Trial
e2bdea63-235e-44c6-9f5e-5b0e783f07dd,Dynamics 365 Customer Insights Engagement Insights Viral
ed8e8769-94c5-4132-a3e7-7543b713d51f,Dynamics 365 Customer Insights Viral Plan
fe581650-cf61-4a09-8814-4bd77eca9cb5,Microsoft Dynamics 365 Customer Voice for Customer Insights
61a2665f-1873-488c-9199-c3d0bc213fdf,Dynamics 365 for Customer Service Enterprise Attach
3bf52bdf-5226-4a97-829e-5cca9b3f3392,Dynamics 365 Customer Service Digital Messaging vTrial
94fb67d3-465f-4d1f-a50a-952da079a564,Dynamics 365 Customer Service Enterprise vTrial
33f1466e-63a6-464c-bf6a-d1787928a56a,Dynamics 365 Customer Service Insights vTrial
3de81e39-4ce1-47f7-a77f-8473d4eb6d7c,Dynamics 365 Customer Service Voice vTrial
4ade5aa6-5959-4d2c-bf0a-f4c9e2cc00f2,Dynamics 365 AI for Customer Service Trial
363430d1-e3f7-43bc-b07b-767b6bb95e4b,Common Data Service
17efdd9f-c22c-4ad8-b48e-3b1f3ee1dc9a,Dynamics 365 Customer Voice
6929f657-b31b-4947-b4ce-5066c3214f54,Dynamics 365 for Customer Service Pro
c507b04c-a905-4940-ada6-918891e6d3ad,Power Apps for Customer Service Pro
0368fc9c-3721-437f-8b7d-3d0f888cdefc,Power Automate for Customer Service Pro
a9dd2dca-10ae-4da2-aaf0-d3fe8a825110,Dynamics 365 for Customer Service Pro Attach
296820fe-dce5-40f4-a4f2-e14b8feef383,Dynamics 365 Customer Voice Base Plan
90a816f6-de5f-49fd-963c-df490d73b7b5,Microsoft Dynamics 365 Customer Voice Add-on
e6e35e2d-2e7f-4e71-bc6f-2f40ed062f5d,Dynamics Customer Voice Add-On
e9830cfd-e65d-49dc-84fb-7d56b9aa2c89,Common Data Service
3ca0766a-643e-4304-af20-37f02726339b,Microsoft Dynamics 365 Customer Voice USL
57a0746c-87b8-4405-9397-df365a9db793,Power Automate for Dynamics 365 Customer Voice
62edd427-6067-4274-93c4-29afdeb30707,Microsoft Dynamics CRM Online Storage Add-On
eac6b45b-aa89-429f-a37b-c8ce00e8367e,Microsoft Dynamics CRM Online - Portal Add-On
1d4e9cb1-708d-449c-9f71-943aa8ed1d6a,Microsoft Dynamics CRM Online - Portal Add-On
6d99eb83-7b5f-4947-8e99-cc12f1adb399,Microsoft Dynamics CRM Online Additional Non-production Instance
483cc331-f4df-4a3b-b8ca-fe1a247569f6,Microsoft Dynamics CRM Online Instance
24435e4b-87d0-4d7d-8beb-63a9b1573022,Field Service � Automated Routing Engine Add-On
2ba394e0-6f18-4b77-b45f-a5663bbab540,RETIRED - Field Service � Automated Routing Engine Add-On
2457fe40-65be-48a1-935f-924ad6e62dba,Common Data Service Field service Part Time Contractors for Government
20d1455b-72b2-4725-8354-a177845ab77d,Dynamics 365 Field Service Enterprise vTrial
e95d7060-d4d9-400a-a2bd-a244bf0b609e,Common Data Service for Dynamics 365 Finance
9f0e1b4e-9b33-4300-b451-b2c662cd4ff7,Microsoft Dynamics 365 for Finance
2822a3a1-9b8f-4432-8989-e11669a60dc8,Dynamics 365 for Case Management
79bb0a8d-e686-4e16-ac59-2b3fd0014a61,Dynamics 365 for Case Management for Government
426ec19c-d5b1-4548-b894-6fe75028c30d,Dynamics 365 Customer Service Chat Application Integration
f69129db-6dc1-4107-855e-0aaebbcd9dd4,Dynamics 365 for Customer Service Chat
19e4c3a8-3ebe-455f-a294-4f3479873ae3,Power Virtual Agents for Chat
5b1e5982-0e88-47bb-a95e-ae6085eda612,Dynamics 365 Customer Service Insights for CS Enterprise
99340b49-fb81-4b1e-976b-8f2ae8e9394f,MICROSOFT SOCIAL ENGAGEMENT - SERVICE DISCONTINUATION
7e6d7d78-73de-46ba-83b1-6d25117334ba,PROJECT ONLINE ESSENTIALS
03acaee3-9492-4f40-aed4-bcb6b32981b6,SHAREPOINT ONLINE (PLAN 2)
874fc546-6efe-4d22-90b8-5c4e7aa59f4b,FLOW FOR DYNAMICS 365
1259157c-8581-4875-bca7-2ffb18c51bda,POWERAPPS FOR DYNAMICS 365
5dbe027f-2339-4123-9542-606e4d348a72,DYNAMICS 365 FOR CUSTOMER SERVICE
dc6643d9-1e72-4dce-9f64-1d6eac1f1c5a,Dynamics 365 for Customer Service for Government
bb681a9b-58f5-42ee-9926-674325be8aaa,Microsoft Dynamics 365 Customer Voice for Customer Service Enterprise for GCC
55c9148b-d5f0-4101-b5a0-b2727cfc0916,Dynamics 365 for Field Service Attach
9c439259-63b0-46cc-a258-72be4313a42d,Microsoft Dynamics 365 Customer Voice for Field Service
a9a5be2d-17dd-4d43-ba78-9391e11d20a7,Dynamics 365 for Field Service for Government
638862ef-afb3-46e4-b292-ed0aad759476,Microsoft Dynamics 365 Customer Voice for Field Service for GCC
920656a2-7dd8-4c83-97b6-a356414dbd36,FLOW FOR DYNAMICS 365
7e6d7d78-73de-46ba-83b1-6d25117334ba,POWERAPPS FOR DYNAMICS 365
874fc546-6efe-4d22-90b8-5c4e7aa59f4b,DYNAMICS 365 FOR FINANCIALS
fe986032-d840-4817-82d4-51fe4fbbe163,Dynamics 365 Guides vTrial
066e2fd1-ba15-40e7-aa96-d6636b1cdf71,Power Apps for Dynamics 365 Mixed Reality
26fa8a18-2812-4b3d-96b4-864818ce26be,Power Automate for Dynamics 365 Mixed Reality
0210d5c8-49d2-4dd1-a01b-a91c7c14e0bf,CRM Hybrid Connector
51cf0638-4861-40c0-8b20-1161ab2f80be,Dynamics 365 for Marketing Additional Application
e626a4ec-1ba2-409e-bf75-9bc0bc30cca7,Dynamics 365 for Marketing 50K Addnl Contacts
1599de10-5250-4c95-acf2-491f74edce48,Dynamics 365 Marketing Sandbox Application AddOn
a3a4fa10-5092-401a-af30-0462a95a7ac8,Dynamics 365 for Marketing
22b657cf-0a9e-467b-8a91-5e31f21bc570,Microsoft Dynamics 365 Customer Voice for Marketing Application
2824c69a-1ac5-4397-8592-eae51cb8b581,Dynamics 365 for Marketing MSE User
5d7a6abc-eebd-46ab-96e1-e4a2f54a2248,Dynamics 365 for Marketing USL
76366ba0-d230-47aa-8087-b6d55dae454f,Microsoft Dynamics 365 Customer Voice for Marketing
f06754ec-6d72-4bf6-991c-4cb5413d9932,Dynamics 365 for Retail Activity
aac5a56b-b02e-4608-8014-b076646d4011,Dynamics 365 for Talent - Attract Experience Activity
db225597-e9c2-4d96-8ace-5424744c80f8,Dynamics 365 for Talent - Onboard Experience
1f87ee90-5c3a-4cf9-b6fd-e3e8017c26ec,Dynamics 365 for Talent Activity
6bddf93e-d6f4-4991-b9fc-30cfdf07ee7b,Dynamics365 for Operations Activity
e564d403-7eaf-4c91-b92f-bb0dc62026e1,Dynamics 365 Project Operations CDS Attach
fa7675bd-6717-40e7-8172-d0bbcbe1ab12,Dynamics 365 Project Operations Attach
6d8e07c6-9613-484f-8cc1-a66c5c3979bb,Project for Project Operations Attach
1d8c8e0e-4308-4db5-8a41-b129dbdaea20,Dynamics 365 for Project Service Automation for Government
e98256c5-17d0-4987-becc-e991c52d55c6,Microsoft Dynamics 365 Customer Voice for Project Service Automation for GCC
d56f3deb-50d8-465a-bedb-f079817ccac1,DYNAMICS 365 CUSTOMER ENGAGEMENT PLAN
2da8e897-7791-486b-b08f-cc63c8129df7,DYNAMICS 365 FOR SALES
03acaee3-9492-4f40-aed4-bcb6b32981b6,MICROSOFT SOCIAL ENGAGEMENT - SERVICE DISCONTINUATION
213be507-d547-4f79-bc2c-6196bc54c4a3,Dynamics 365 for Sales for Government
33850b82-0a37-4ebb-a0b2-ee163facd716,Microsoft Dynamics 365 Customer Voice for Sales Enterprise for GCC
d56f3deb-50d8-465a-bedb-f079817ccac1,Dynamics 365 Customer Engagement Plan
67bf4812-f90b-4db9-97e7-c0bbbf7b2d09,Microsoft Dynamics 365 Customer Voice for Customer Service Enterprise
fedc185f-0711-4cc0-80ed-0a92da1a8384,Dynamics 365 AI for Sales (Embedded)
8839ef0e-91f1-4085-b485-62e06e7c7987,Microsoft Dynamics 365 Customer Voice for Sales Enterprise
2da8e897-7791-486b-b08f-cc63c8129df7,Dynamics 365 for Sales
b6a8b974-2956-4e14-ae81-f0384c363528,Common Data Service for Dynamics 365 Supply Chain Management
2bb89402-51e9-4c5a-be33-e954a9dd1ba6,Dataverse for IOM
b21c777f-c2d5-486e-88f6-fc0a3e474271,Dynamics 365 for Supply Chain Management Attach
393a0c96-9ba1-4af0-8975-fa2f853a25ac,Dynamics 365 Marketing
c7657ae3-c0b0-4eed-8c1d-6a7967bd9c65,Dynamics 365 for Finance and Operations Enterprise edition - Regulatory Service
dbe07046-af68-4861-a20d-1c8cbda9194f,Customer Voice for Dynamics 365 vTrial
7f636c80-0961-41b2-94da-9642ccf02de0,Dynamics 365 Sales Enterprise vTrial
456747c0-cf1e-4b0d-940f-703a01b964cc,Dynamics 365 Sales Insights vTrial
88d83950-ff78-4e85-aa66-abfc787f8090,Dynamics 365 for Sales Professional
6f9f70ce-138d-49f8-bb8b-2e701b7dde75,Power Apps for Sales Pro
f944d685-f762-4371-806d-a1f48e5bea13,Project Online Essentials
5dbe027f-2339-4123-9542-606e4d348a72,SharePoint (Plan 2)Dynamics 365 for Sales Pro Attach
dd89efa0-5a55-4892-ba30-82e3f8008339,Dynamics 365 for Sales Professional for Government
12cf31f8-754f-4efe-87a8-167c19e30831,Power Apps for Sales Pro for Government
e62ffe5b-7612-441f-a72d-c11cf456d33a,Power Automate for Sales Pro for Government
73f205fc-6b15-47a5-967e-9e64fdf72d0a,Dynamics 365 for Sales Professional Trial
db39a47e-1f4f-462b-bf5b-2ec471fb7b88,Dynamics 365 for Sales Professional Trial
065f3c64-0649-4ec7-9f47-ef5cf134c751,Dynamics 365 for Sales Pro Attach
b6a8b974-2956-4e14-ae81-f0384c363528,COMMON DATA SERVICE FOR DYNAMICS 365 SUPPLY CHAIN MANAGEMENT
c7657ae3-c0b0-4eed-8c1d-6a7967bd9c65,DYNAMICS 365 FOR FINANCE AND OPERATIONS ENTERPRISE EDITION - REGULATORY SERVICE
1224eae4-0d91-474a-8a52-27ec96a63fe7,DYNAMICS 365 FOR SUPPLY CHAIN MANAGEMENT
300b8114-8555-4313-b861-0c115d820f50,Dynamics 365 for Talent: Onboard
5ed38b64-c3b7-4d9f-b1cd-0de18c9c4331,Dynamics 365 for HCM Trial
7e6d7d78-73de-46ba-83b1-6d25117334ba,Flow for Dynamics 365
874fc546-6efe-4d22-90b8-5c4e7aa59f4b,PowerApps for Dynamics 365
2d925ad8-2479-4bd8-bb76-5b80f1d48935,Common Data Service
f815ac79-c5dd-4bcc-9b78-d97f7b817d0d,Dynamics 365 for Talent: Attract
6a54b05e-4fab-40e7-9828-428db3b336fa,Dynamics 365 for Team Members
5a94d0aa-ee95-455a-bb38-326e5f134478,Dynamics 365 for Team Members for Government
1315ade1-0410-450d-b8e3-8050e6da320f,Common Data Service
ceb28005-d758-4df7-bb97-87a617b93d6c,Dynamics 365 for Retail Device
2c9fb43e-915a-4d61-b6ca-058ece89fd66,Dynamics 365 for Operations Devices
d8ba6fb2-c6b1-4f07-b7c8-5f2745e36b54,Dynamics 365 for Operations non-production multi-box instance for standard acceptance testing (Tier 2)
f6b5efb1-1813-426f-96d0-9b4f7438714f,Dynamics 365 for Operations Enterprise Edition - Sandbox Tier 4:Standard Performance Testing
056a5f80-b4e0-4983-a8be-7ad254a113c9,DYNAMICS 365 P1 TRIAL FOR INFORMATION WORKERS
7df1d500-ca5c-4229-8cea-815bc88798c9,Common Data Service for Dynamics 365 Project Operations
18fa3aba-b085-4105-87d7-55617b8585e6,Dynamics 365 Project Operations CDS
c7657ae3-c0b0-4eed-8c1d-6a7967bd9c65,"Dynamics 365 for Finance and Operations, Enterprise edition - Regulatory Service"
69f07c66-bee4-4222-b051-195095efee5b,Dynamics 365 Project Operations
0a05d977-a21a-45b2-91ce-61c240dbafa2,Project for Project Operations
0850ebb5-64ee-4d3a-a3e1-5a97213653b5,Common Data Service for Remote Assist
4f4c7800-298a-4e22-8867-96b17850d4dd,Microsoft Remote Assist
3ae52229-572e-414f-937c-ff35a87d4f29,Dynamics 365 for Sales Enterprise Attach
2d925ad8-2479-4bd8-bb76-5b80f1d48935,COMMON DATA SERVICE
048a552e-c849-4027-b54c-4c7ead26150a,DYNAMICS 365 FOR TALENT: ONBOARD
8c66ef8a-177f-4c0d-853c-d4f219331d09,Dynamics 365 for Field Service
c0454a3d-32b5-4740-b090-78c32f48f0ad,Dynamics 365 for Retail Team members
643d201a-9884-45be-962a-06ba97062e5e,Dynamics 365 for Talent - Attract Experience Team Member
f2f49eef-4b3f-4853-809a-a055c6103fe0,Dynamics 365 for Talent - Onboard Experience
d5156635-0704-4f66-8803-93258f8b2678,Dynamics 365 for Talent Team members
4092fdb5-8d81-41d3-be76-aaba4074530b,Dynamics 365 Team Members
f5aa7b45-8a36-4cd1-bc37-5d06dea98645,Dynamics_365_for_Operations_Team_members
0b2c029c-dca0-454a-a336-887285d6ef07,Dynamics 365 Guides
4f4c7800-298a-4e22-8867-96b17850d4dd,Dynamics 365 Remote Assist
816971f4-37c5-424a-b12b-b56881f402e7,Power Apps for Guides
52e619e2-2730-439a-b0d3-d09ab7e8b705,Power Apps for Dynamics 365
1ec58c70-f69c-486a-8109-4b87ce86e449,Power Automate for Dynamics 365
d1142cfd-872e-4e77-b6ff-d98ec5a51f66,COMMON DATA SERVICE
65a1ebf4-6732-4f00-9dcb-3d115ffdeecd,DYNAMICS 365 FOR TALENT
95d2cd7b-1007-484b-8595-5e97e63fe189,DYNAMICS 365 FOR_OPERATIONS
a9e39199-8369-444b-89c1-5fe65ec45665,DYNAMICS 365 FOR RETAIL
f815ac79-c5dd-4bcc-9b78-d97f7b817d0d,DYNAMICS 365 HIRING FREE PLAN
300b8114-8555-4313-b861-0c115d820f50,DYNAMICS 365 FOR TALENT: ONBOARD
b650d915-9886-424b-a08d-633cede56f57,FLOW FOR DYNAMICS 36
0b03f40b-c404-40c3-8651-2aceb74365fa,POWERAPPS FOR DYNAMICS 365
932ad362-64a8-4783-9106-97849a1a30b9,CLOUD APP SECURITY DISCOVERY
6c57d4b6-3b23-47a5-9bc9-69f17b4947b3,AZURE INFORMATION PROTECTION PREMIUM P1
5689bec4-755d-4753-8b61-40975025187c,AZURE INFORMATION PROTECTION PREMIUM P2
bea4c11e-220a-4e6d-8eb8-8ea15d019f90,Microsoft Entra RIGHTS
8a256a2b-b617-496d-b51b-e76466e88db0,MICROSOFT AZURE MULTI-FACTOR AUTHENTICATION
2e2ddb96-6af9-4b1d-a3f0-d6ecfd22edb2,MICROSOFT CLOUD APP SECURITY
14ab5db5-e6c4-4b20-b4bc-13e36fd2227f,MICROSOFT DEFENDER FOR IDENTITY
75badc48-628e-4446-8460-41344d73abd6,Exchange Enterprise CAL Services (EOP DLP)
bea4c11e-220a-4e6d-8eb8-8ea15d019f90,Microsoft Entra Rights
176a09a6-7ec5-4039-ac02-b2791c6ba793,EXCHANGE ONLINE ARCHIVING FOR EXCHANGE ONLINE
da040e0a-b393-4bea-bb76-928b3fa1cf5a,EXCHANGE ONLINE ARCHIVING FOR EXCHANGE SERVER
1126bef5-da20-4f07-b45e-ad25d2581aa8,EXCHANGE ESSENTIALS
4a82b400-a79f-41a4-b4e2-e94f5787b113,EXCHANGE ONLINE KIOSK
90927877-dcff-4af6-b346-2332c0b15bb7,EXCHANGE ONLINE POP
326e2b78-9d27-42c9-8509-46c827743a17,Exchange Online Protection
e2f705fd-2468-4090-8c58-fad6e6b1e724,Dynamics 365 Operations Trial Environment
3d53f6d9-d6e0-45c1-9575-6acd77692584,Microsoft Dynamics CRM Online Government Basic
2b8c7c8c-9db5-44a5-a1dd-f4aa5b97b372,Microsoft Dynamics CRM Online Professional for Government
3a3976ce-de18-4a87-a78e-5e9245e252df,Microsoft Entra ID for Education
a420f25f-a7b3-4ff5-a9d0-5d58f73b537d,Windows Store Service
9d0c4ee5-e4a1-4625-ab39-d82b619b1a34,Microsoft Insider Risk Management
da24caf9-af8e-485c-b7c8-e73336da2693,Microsoft Intune for Education
d9fa6af4-e046-4c89-9226-729a0786685d,Information Protection and Governance Analytics � Premium
da24caf9-af8e-485c-b7c8-e73336da2693,Microsoft Intune Plan 1 for Education
d9fa6af4-e046-4c89-9226-729a0786685d,Information Protection and Governance Analytics - Premium)
da24caf9-af8e-485c-b7c8-e73336da2693,Intune for Education
4c246bbc-f513-4311-beff-eba54c353256,Minecraft Education Edition
b67adbaf-a096-42c9-967e-5a84edbe0086,Universal Print Without Seeding
3c994f28-87d5-4273-b07a-eb6190852599,Microsoft 365 Apps for Enterprise (Device)
13696edf-5a08-49f6-8134-03083ed8ba30,OneDrive for Business (Plan 1)
c85e4b03-254a-453b-af72-167a53f38530,Microsoft 365 Audio Conferencing - GCCHigh Tenant
bb038288-76ab-49d6-afc1-eaa6c222c65a,Microsoft 365 Audio Conferencing Pay-Per-Minute
c63d4d19-e8cb-460e-b37c-4d6c34603745,OFFICEMOBILE_SUBSCRIPTION
41bf139a-4e60-409f-9346-a1361efc6dfb,YAMMER MIDSIZE
3c53ea51-d578-46fa-a4c0-fd0a92809a60,Stream for Office 365
5bfe124c-bbdc-4494-8835-f1297d457d79,OUTLOOK CUSTOMER MANAGER
094e7854-93fc-4d55-b2c0-3ab5369ebdc1,OFFICE 365 BUSINESS
39b5c996-467e-4e60-bd62-46066f572726,Microsoft Invoicing
094e7854-93fc-4d55-b2c0-3ab5369ebdc1,Microsoft 365 Apps for business
bfc1bbd9-981b-4f71-9b82-17c35fd0e2a4,Microsoft Defender for Business
276d6e8a-f056-4f70-b7e8-4fc27f79f809,Office Shared Computer Activation
5bfe124c-bbdc-4494-8835-f1297d457d79,RETIRED - Outlook Customer Manager
8e229017-d77b-43d5-9305-903395523b99,Windows 10/11 Business
de377cbc-0019-4ec2-b77c-3f223947e102,Azure Active Directory
8e9ff0ff-aa7a-4b20-83c1-2f636b600ac2,Microsoft Intune
54a152dc-90de-4996-93d2-bc47e670fc06,MICROSOFT 365 DOMESTIC CALLING PLAN (120 min)
3c8a8792-7866-409b-bb61-1b20ace0368b,Domestic Calling for Government
8d77e2d9-9e28-4450-8431-0def64078fc5,Microsoft 365 Apps for Enterprise (Unattended)
6c57d4b6-3b23-47a5-9bc9-69f17b4947b3,Azure Information Protection Premium P
6b5b6a67-fc72-4a1f-a2b5-beecf05de761,SharePoint (Plan 1)
16935b20-87c0-4908-934a-22aa267d0d26,Microsoft 365 Domestic Calling Plan (120 min) at User Level
9d0c4ee5-e4a1-4625-ab39-d82b619b1a34,RETIRED - Microsoft Insider Risk Management
f6de4823-28fa-440b-b886-4783fa86ddba,Microsoft 365 Audit Platform
f1e3613f-3818-4254-9b5e-f02d803384e0,Microsoft 365 Audio Conferencing for GCCHigh
cf1b2895-e3fd-4b33-9594-2ab924104547,Microsoft Forms (Plan E5) for GCCHigh
b50a9096-5b07-4ded-a5e4-a492fb94b6ee,Power Apps for Office 365 for GCCHigh
ee939cf0-7cd1-4262-9f72-9eaa45dbba69,Power Automate for Office 365 for GCCHigh
932ad362-64a8-4783-9106-97849a1a30b9,Cloud App Security Discovery
3ffba0d2-38e5-4d5e-8ec0-98f2b05c09d9,Microsoft Stream for O365 K SKU
902b47e5-dcb2-4fdc-858b-c63a90a2bdb9,SharePoint Online Kiosk
a42de799-58ae-4e6a-aa1d-948e7abec726,Microsoft Teams Kiosk
e041597c-9c7f-4ed9-99b0-2663301576f7,Windows 10 Enterprise E3 (Local Only)
6c57d4b6-3b23-47a5-9bc9-69f17b4947b3,Azure Information Protection Premium P1
29007dd3-36c0-4cc2-935d-f5bca2c2c473,Common Data Service - O365 F1
5e05331a-0aec-437e-87db-9ef5934b5771,Common Data Service for Teams_F1 GCC
88f4d7ef-a73b-4246-8047-516022144c9f,Exchange Online (Kiosk) for Government
bfd4133a-bbf3-4212-972b-60412137c428,Forms for Government (Plan F1)
d65648f1-9504-46e4-8611-2658763f28b8,Microsoft Stream for O365 for Government (F1)
b1aeb897-3a19-46e2-8c27-a609413cf193,SharePoint KioskG
8a9f17f1-5872-44e8-9b11-3caade9dc90f,Skype for Business Online (Plan 1) for Government
6ebdddb7-8e55-4af2-952b-69e77262f96c,Microsoft Defender for Cloud Apps for DOD
176a09a6-7ec5-4039-ac02-b2791c6ba793,Exchange Online Archiving
2e2ddb96-6af9-4b1d-a3f0-d6ecfd22edb2,Microsoft Defender for Cloud Apps
eec0eb4f-6444-4f95-aba0-50c24d67f998,Azure Active Directory Premium P2
5400a66d-eaa5-427d-80f2-0f26d59d8fce,Azure Information Protection Premium P2 for GCC
f544b08d-1645-4287-82de-8d91f37c02a1,MICROSOFT 365 AUDIO CONFERENCING FOR GOVERNMENT
a1ace008-72f3-4ea0-8dac-33b3a23a2472,Microsoft Clipchamp
d587c7a3-bda9-4f99-8776-9bcf59c84f75,Microsoft Insider Risk Management
c4b8c31a-fb44-4c65-9837-a21f55fcabda,Microsoft Loop
d2d51368-76c9-4317-ada2-a12c004c432f,Microsoft ML-Based Classification
bf6f5520-59e3-4f82-974b-7dbbc4fd27c7,Office 365 SafeDocs
c948ea65-2053-4a5a-8a62-9eaaaf11b522,Purview Discovery
99cd49a9-0e54-4e07-aea1-d8d9f5f704f5,Defender for IoT - Enterprise IoT Security
41781fb2-bc02-4b7c-bd55-b576c07bb09d,AAD_PREMIUM
6c57d4b6-3b23-47a5-9bc9-69f17b4947b3,RMS_S_PREMIUM
932ad362-64a8-4783-9106-97849a1a30b9,ADALLOM_S_DISCOVERY
ca6e61ec-d4f4-41eb-8b88-d96e0e14323f,DYN365_CDS_O365_F1
4a82b400-a79f-41a4-b4e2-e94f5787b113,EXCHANGE_S_DESKLESS
bea4c11e-220a-4e6d-8eb8-8ea15d019f90,RMS_S_ENTERPRISE
8a256a2b-b617-496d-b51b-e76466e88db0,MFA_PREMIUM
199a5c09-e0ca-4e37-8f7c-b05d533e1ea2,MICROSOFTBOOKINGS
c1ec4a95-1f05-45b3-a911-aa3fa01094f5,INTUNE_A
b737dad2-2f6c-4c65-90e3-ca563267e8b9,PROJECTWORKMANAGEMENT
94065c59-bc8e-4e8b-89e5-5138d471eaff,MICROSOFT_SEARCH
3ffba0d2-38e5-4d5e-8ec0-98f2b05c09d9,STREAM_O365_K
882e1d05-acd1-4ccb-8708-6ee03664b117,INTUNE_O365
902b47e5-dcb2-4fdc-858b-c63a90a2bdb9,SHAREPOINTDESKLESS
afc06cb0-b4f4-4473-8286-d644f70d8faf,MCOIMP
932ad362-64a8-4783-9106-97849a1a30b9,Microsoft Defender for Cloud Apps Discovery
18dfd9bd-5214-4184-8123-c9822d81a9bc,Microsoft 365 Apps for enterprise (unattended) for GCC
1b66aedf-8ca1-4f73-af76-ec76c6180f98,Azure Information Protection Premium P1 for GCC
8a256a2b-b617-496d-b51b-e76466e88db0,Microsoft Azure Multi-Factor Authentication
eec0eb4f-6444-4f95-aba0-50c24d67f998,Microsoft Entra ID P2
5689bec4-755d-4753-8b61-40975025187c,Azure Information Protection Premium P2
9bec7e34-c9fa-40b7-a9d1-bd6d1165c7ed,Data Loss Prevention
176a09a6-7ec5-4039-ac02-b2791c6ba793,Exchange Online Archiving for Exchange Online
64bfac92-2b17-4482-b5e5-a0304429de3e,Microsoft Endpoint DLP
d2d51368-76c9-4317-ada2-a12c004c432f,Microsoft ML-based classification
cca845f9-fd51-4df6-b563-976a37c56ce0,MICROSOFT BUSINESS CENTER
82d30987-df9b-4486-b146-198b21d164c7,Graph Connectors in Microsoft 365 Copilot
931e4a88-a67f-48b5-814f-16a5f1e6028d,Intelligent Search
3f30311c-6b1e-48a4-ab79-725b469da960,Microsoft 365 Chat
b95945de-b3bd-46db-8437-f2beb6ea2347,Microsoft 365 Copilot in Microsoft Teams
a62f8878-de10-42f3-b68f-6149a25ceb97,Microsoft 365 Copilot in Productivity Apps
89f1c4c8-0878-40f7-804d-869c9128ab5d,Power Platform Connectors in Microsoft 365 Copilot
2e2ddb96-6af9-4b1d-a3f0-d6ecfd22edb2,Microsoft Cloud App Security
c1c902e3-a956-4273-abdb-c92afcd027ef,MCS - BizApps_Cloud for Sustainability_vTrial
54b37829-818e-4e3c-a08a-3ea66ab9b45d,Power Apps for Dynamics 365 vTrial
81d4ecb8-0481-42fb-8868-51536c5aceeb,Power Automate for Dynamics 365 vTrial
871d91ec-ec1a-452b-a83f-bd76c7d770ef,MICROSOFT DEFENDER FOR ENDPOINT
292cc034-7b7c-4950-aaf5-943befd3f1d4,Microsoft Defender for Endpoint Plan 1
1689aade-3d6a-4bfc-b017-46d2672df5ad,MDE_SecurityManagement
bf36ca64-95c6-4918-9275-eb9f4ce2c04f,MICROSOFT DYNAMICS CRM ONLINE BASIC
14ab5db5-e6c4-4b20-b4bc-13e36fd2227f,Microsoft Defender for Identity
61d18b02-6889-479f-8f36-56e6e0fe5792,SecOps Investigation for MDI
36810a13-b903-490a-aa45-afbeb7540832,Microsoft Defender Vulnerability Management
f9646fb2-e3b2-4309-95de-dc4833737456,MICROSOFT DYNAMICS CRM ONLINE PROFESSIONA
7e6d7d78-73de-46ba-83b1-6d25117334ba,FLOW FOR DYNAMICS 365
3413916e-ee66-4071-be30-6f94d4adfeda,MICROSOFT DYNAMICS MARKETING SALES COLLABORATION - ELIGIBILITY CRITERIA APPLY
3e58e97c-9abe-ebab-cd5f-d543d1529634,MICROSOFT SOCIAL ENGAGEMENT PROFESSIONAL - ELIGIBILITY CRITERIA APPLY
874fc546-6efe-4d22-90b8-5c4e7aa59f4b,POWERAPPS FOR DYNAMICS 365
e866a266-3cff-43a3-acca-0c90a7e00c8b,Entra Identity Governance
2049e525-b859-401b-b2a0-e0a31c4b1fe4,Power BI (free)
113feb6c-3fe4-4440-bddc-54d774bf0318,EXCHANGE_S_FOUNDATION
2049e525-b859-401b-b2a0-e0a31c4b1fe4,BI_AZURE_P0
d736def0-1fde-43f0-a5be-e3f8b2de6e41,MS IMAGINE ACADEMY
3e170737-c728-4eae-bbb9-3f3360f7184c,Microsoft Intune Plan 1
d8c638e2-9508-40e3-9877-feb87603837b,Common Data Service - DEV VIRAL
c7ce3f26-564d-4d3a-878d-d8ab868c85fe,Flow for Developer
a2729df7-25f8-4e63-984b-8a8484121554,PowerApps for Developer
17ab22cd-a0b3-4536-910a-cb6eb12696c0,Common Data Service - VIRAL
50e68c76-46c6-4674-81f9-75456511b170,Flow Free
d20bfa21-e9ae-43fc-93c2-20783f0840c3,Flow P2 Viral
d5368ca3-357e-4acb-9c21-8495fb025d1f,PowerApps Trial
17ab22cd-a0b3-4536-910a-cb6eb12696c0,COMMON DATA SERVICE
50e68c76-46c6-4674-81f9-75456511b170,FLOW FREE
de377cbc-0019-4ec2-b77c-3f223947e102,Microsoft Entra ID
8e9ff0ff-aa7a-4b20-83c1-2f636b600ac2,MICROSOFT INTUNE
c1ec4a95-1f05-45b3-a911-aa3fa01094f5,MICROSOFT INTUNE
2a4baa0e-5e99-4c38-b1f2-6864960f1bd1,Intune Advanced endpoint analytics
bb73f429-78ef-4ff2-83c8-722b04c3e7d1,Intune Endpoint Privilege Management
d9923fe3-a2de-4d29-a5be-e3e83bb786be,Intune Plan 2
a6e407da-7411-4397-8a2e-d9b52780849e,Microsoft Tunnel for Mobile Application Management
a4c6cf29-1168-4076-ba5c-e8fe0e62b17e,Remote help
00527d7f-d5bc-4c2a-8d1e-6c0de2410c81,Power Apps (Plan 2)
56be9436-e4b2-446c-bb7f-cc15d16cca4d,Power Automate (Plan 2)
507172c0-6001-4f4f-80e7-f350507af3e5,Microsoft Dynamics 365 Customer Voice for Relationship Sales
56e3d4ca-2e31-4c3f-8d57-89c1d363503b,Microsoft Relationship Sales solution
03acaee3-9492-4f40-aed4-bcb6b32981b6,Retired - Microsoft Social Engagement
8ba1ff15-7bf6-4620-b65c-ecedb6942766,Microsoft Viva Sales Premium & Trial
a933a62f-c3fb-48e5-a0b7-ac92b94b4420,Microsoft Viva Sales Premium with Power Automate
874fc546-6efe-4d22-90b8-5c4e7aa59f4b,Power Apps for Dynamics 365
7e6d7d78-73de-46ba-83b1-6d25117334ba,Power Automate for Dynamics 365
acffdce6-c30f-4dc2-81c0-372e33c515ec,MICROSOFT STREAM
d3a458d0-f10d-48c2-9e44-86f3f684029e,Microsoft Stream Plan 2
83bced11-77ce-4071-95bd-240133796768,Microsoft Stream Storage Add-On
c46c42af-d654-4385-8c85-29a84f3dfb22,MCS - BizApps - Cloud for Sustainability USL
5ffd371c-037a-41a2-98a3-6452f8c5de17,Power Apps for Cloud for Sustainability USL
ccbe468e-7973-442c-8ec4-5fbe16438711,Power Automate for Cloud for Sustainability USL
9974d6cf-cd24-4ba2-921c-e2aa687da846,Microsoft Teams Audio Conferencing with dial-out to select geographies
617d9209-3b90-4879-96e6-838c42b2701d,MCO FREE FOR MICROSOFT TEAMS (FREE)
4fa4026d-ce74-4962-a151-8e96d57ea8e4,MICROSOFT TEAMS (FREE)
902b47e5-dcb2-4fdc-858b-c63a90a2bdb9,SHAREPOINT KIOSK
bd6f2ac2-991a-49f9-b23c-18c96a02c228,TEAMS FREE SERVICE
36b29273-c6d0-477a-aca6-6fbe24f538e3,WHITEBOARD (FIRSTLINE)
156a1efe-17cd-4b03-9f17-2eb512298fb3,Microsoft Teams Calling Plan pay-as-you-go - country zone 1
346d83bf-6fe6-42ca-b424-b9300d2e21bf,Microsoft 365 Domestic Calling Plan (240 min)
f4f2f6de-6830-442b-a433-e92249faebe2,Microsoft Teams Essentials
4495894f-534f-41ca-9d3b-0ebf1220a423,OneDrive for Business (Basic 2)
bed136c6-b799-4462-824d-fc045d3a9d25,COMMON DATA SERVICE FOR TEAMS_P1
33c4f319-9bdd-48d6-9c4d-410b750a4a5a,INSIGHTS BY MYANALYTICS
b737dad2-2f6c-4c65-90e3-ca563267e8b9,MICROSOFT PLANNER
94065c59-bc8e-4e8b-89e5-5138d471eaff,MICROSOFT SEARCH
42a3ec34-28ba-46b6-992f-db53a675ac5b,MICROSOFT TEAMS
882e1d05-acd1-4ccb-8708-6ee03664b117,MOBILE DEVICE MANAGEMENT FOR OFFICE 365
e95bec33-7c88-4a70-8e19-b10bd9d0c014,OFFICE FOR THE WEB
c63d4d19-e8cb-460e-b37c-4d6c34603745,OFFICE MOBILE APPS FOR OFFICE 365
92f7a6f3-b89b-4bbd-8c30-809e6da5ad1c,POWER APPS FOR OFFICE 365
0f9b09cb-62d1-4ff4-9129-43f4996f83f4,POWER AUTOMATE FOR OFFICE 365
0683001c-0492-4d59-9515-d9a6426b5813,POWER VIRTUAL AGENTS FOR OFFICE 365 P1
5e62787c-c316-451f-b873-1d05acd4d12c,TO-DO (PLAN 1)
b8afc642-032e-4de5-8c0a-507a7bba7e5d,WHITEBOARD (PLAN 1)
7547a3fe-08ee-4ccb-b430-5077c5041653,YAMMER ENTERPRIS
4828c8ec-dc2e-4779-b502-87ac9ce28ab7,MICROSOFT 365 PHONE SYSTE
db23fce2-a974-42ef-9002-d78dd42a0f22,MICROSOFT 365 PHONE SYSTEM FOR GOVERNMENT
ed777b71-af04-42ca-9798-84344c66f7c6,SKYPE FOR BUSINESS CLOUD PBX FOR SMALL AND MEDIUM BUSINESS
0628a73f-3b4a-4989-bd7b-0f8823144313,Microsoft 365 Phone Standard Resource Account for Government
f47330e9-c134-43b3-9993-e7f004506889,Microsoft 365 Phone Standard Resource Account
8081ca9c-188c-4b49-a8e5-c23b5e9463a8,Teams Room Basic
ec17f317-f4bc-451e-b2da-0167e5c260f9,Teams Room Pro
ecc74eae-eeb7-4ad5-9c88-e8b2bfca75b8,Microsoft Teams Rooms Pro Management
c1ec4a95-1f05-45b3-a911-aa3fa01094f5,Microsoft Intune Plan 1
8081ca9c-188c-4b49-a8e5-c23b5e9463a8,Teams Rooms Test 1
ec17f317-f4bc-451e-b2da-0167e5c260f9,Teams Rooms Test 2
41781fb2-bc02-4b7c-bd55-b576c07bb09d,Azure Active Directory Premium P1
4828c8ec-dc2e-4779-b502-87ac9ce28ab7,MICROSOFT 365 PHONE SYSTEM
57ff2da0-773e-42df-b2af-ffb7a2317929,MICROSOFT TEAMS
41781fb2-bc02-4b7c-bd55-b576c07bb09d,Microsoft Entra ID P1
41781fb2-bc02-4b7c-bd55-b576c07bb09d,Microsoft Entra ID Plan 1
41781fb2-bc02-4b7c-bd55-b576c07bb09d,Azure Active Directory Premium Plan 1
92c6b761-01de-457a-9dd9-793a975238f7,Teams Room Standard
d216f254-796f-4dab-bbfa-710686e646b9,Microsoft Intune G
b83a66d4-f05f-414d-ac0f-ea1c5239c42b,Microsoft Threat Experts - Experts on Demand
6b270342-093e-4015-8c5c-224561532fbf,Viva Glint
b74d57b2-58e9-484a-9731-aeccbba954f0,Graph Connectors Search with Index (Microsoft Viva Topics)
b622badb-1b45-48d5-920f-4b27a2c0996c,Microsoft Viva Insights
ff7b261f-d98b-415b-827c-42a3fdf015af,Microsoft Viva Insights Backend
c815c93d-0759-4bb8-b857-bc921a71be83,Microsoft Viva Topics
43304c6a-1d4e-4e0b-9b06-5b2a2ff58a90,Viva Engage Communities and Communications
c244cc9e-622f-4576-92ea-82e233e44e36,Viva Engage Knowledge
7162bd38-edae-4022-83a7-c5837f951759,Viva Learning
4c246bbc-f513-4311-beff-eba54c353256,Minecraft Education
897d51f1-2cfa-4848-9b30-469149f5e68e,Exchange Online Multi-Geo
735c1d98-dd3f-4818-b4ed-c8052e18e62d,SharePoint Multi-Geo
41eda15d-6b52-453b-906f-bc4a5b25a26b,Teams Multi-Geo
7dbc2d88-20e2-4eb6-b065-4510b38d6eb2,Nonprofit Portal
40b010bb-0b69-4654-ac5e-ba161433f4b4,Common Data Service - O365 P1
54fc630f-5a40-48ee-8965-af0503c1386e,Microsoft Kaizala Pro Plan 2
c33802dd-1b50-4b9a-8bb9-f13d2cdeadac,School Data Sync (Plan 1)
0a4983bb-d3e5-4a09-95d8-b2d0127b3df5,SharePoint (Plan 1) for Education
1d0f309f-fdf9-4b2a-9ae7-9c48b91f1426,Microsoft Entra ID Basic for EDU
e03c7e47-402c-463c-ab25-949079bedb21,Office for the web (Education)
4ff01e01-1ba7-4d71-8cf8-ce96c3bbcf14,Common Data Service - O365 P2
95b76021-6a53-4741-ab8b-1d1f3d66a95a,Common Data Service for Teams_P2
aebd3021-9f8f-4bf8-bbe3-0ed2f4f047a1,Microsoft Kaizala Pro Plan 3
041fe683-03e4-45b6-b1af-c0cdc516daee,Power Virtual Agents for Office 365 P2
1d0f309f-fdf9-4b2a-9ae7-9c48b91f1426,Microsoft Entra ID Basic for Education
a9b86446-fa4e-498f-a92a-41b447e03337,Education Analytics
96c1e14a-ef43-418d-b115-9636cdaa8eed,Microsoft Forms (Plan 3)
500b6a2a-7a50-4f40-b5f9-160e5b8c2f48,School Data Sync (Plan 2)
2078e8df-cff6-4290-98cb-5408261a760a,Yammer for Academic
d9fa6af4-e046-4c89-9226-729a0786685d,Information Protection and Governance Analytics -Premium
922ba911-5694-4e99-a794-73aed9bfeec8,EXCHANGE_S_FOUNDATION_GOV
e5bb877f-6ac9-4461-9e43-ca581543ab16,SHAREPOINTSTORAGE_GOV
bed136c6-b799-4462-824d-fc045d3a9d25,Common Data Service for Teams_P1
743dd19e-1ce3-4c62-a3ad-49ba8f63a2f6,Microsoft Stream for O365 E1 SKU
42a3ec34-28ba-46b6-992f-db53a675ac5b,Microsoft Teams
0683001c-0492-4d59-9515-d9a6426b5813,Power Virtual Agents for Office 365 P1
be5a7ed5-c598-4fcd-a061-5e6724c68a58,Office 365 Extra File Storage
bed136c6-b799-4462-824d-fc045d3a9d25,Common Data Service for Teams
9aaf7827-d63c-4b61-89c3-182f06f82e5c,Exchange Online (Plan 1)
54fc630f-5a40-48ee-8965-af0503c1386e,Microsoft Kaizala Pro
a55dfd10-0864-46d9-a3cd-da5991a3e0e2,Project for Office (Plan E1)
c7699d2e-19aa-44de-8edf-1736da088ca1,SharePoint (Plan 1)
40b010bb-0b69-4654-ac5e-ba161433f4b4,Common Data Service
743dd19e-1ce3-4c62-a3ad-49ba8f63a2f6,Microsoft Stream for Office 365 E1
92f7a6f3-b89b-4bbd-8c30-809e6da5ad1c,Power Apps for Office 365
0f9b09cb-62d1-4ff4-9129-43f4996f83f4,Power Automate for Office 365
0683001c-0492-4d59-9515-d9a6426b5813,Power Virtual Agents for Office 365
5e62787c-c316-451f-b873-1d05acd4d12c,BPOS_S_TODO_1
9aaf7827-d63c-4b61-89c3-182f06f82e5c,EXCHANGE ONLINE (PLAN 1)
0f9b09cb-62d1-4ff4-9129-43f4996f83f4,FLOW FOR OFFICE 365
92f7a6f3-b89b-4bbd-8c30-809e6da5ad1c,POWERAPPS FOR OFFICE 365
743dd19e-1ce3-4c62-a3ad-49ba8f63a2f6,MICROSOFT STREAM FOR O365 E1 SKU
dcf9d2f4-772e-4434-b757-77a453cfbc02,Avatars for Teams
3efbd4ed-8958-4824-8389-1321f8730af8,Avatars for Teams (additional)
0d0c0d31-fae7-41f2-b909-eaf4d7f26dba,Commercial data protection for Microsoft Copilot
f0ff6ac6-297d-49cd-be34-6dfef97f0c28,Immersive spaces for Teams
0f9b09cb-62d1-4ff4-9129-43f4996f83f4,Flow for Office 365
8c39c9bb-8dfc-4cc8-a2b4-fa84c1316542,Microsoft Teams for China
3343f270-4757-4193-92ff-e71c99fa7ce1,Power Apps for Office 365 for China
95b76021-6a53-4741-ab8b-1d1f3d66a95a,Common Data Service for Teams
2789c901-c14e-48ab-a76a-be334d9d793a,Microsoft Forms (Plan E3)
aebd3021-9f8f-4bf8-bbe3-0ed2f4f047a1,Microsoft Kaizala Pro
31b4e2fc-4cd6-4e7d-9c1b-41407303bd66,Project for Office (Plan E3)
4ff01e01-1ba7-4d71-8cf8-ce96c3bbcf14,Common Data Service
9e700747-8b1d-45e5-ab8d-ef187ceec156,Microsoft Stream for Office 365 E3
c68f8d98-5534-41c8-bf36-22fa496fa792,Power Apps for Office 365
76846ad7-7776-4c40-a281-a386362dd1b9,Power Automate for Office 365
041fe683-03e4-45b6-b1af-c0cdc516daee,Power Virtual Agents for Office 365
3fb82609-8c27-4f7b-bd51-30634711ee67,BPOS_S_TODO_3
e212cbc7-0961-4c40-9825-01117710dcb1,MICROSOFT FORMS (PLAN E5)
a361d6e2-509e-4e25-a8ad-950060064ef4,SHAREPOINT FOR DEVELOPER
527f7cdd-0e86-4c47-b879-f5fd357a3ac6,OFFICE ONLINE FOR DEVELOPER
6c6042f5-6f01-4d67-b8c1-eb99d36eed3e,MICROSOFT STREAM FOR O365 E5 SKU
fd500458-c24c-478e-856c-a6067a8376cd,Microsoft Teams for DOD (AR)
9e700747-8b1d-45e5-ab8d-ef187ceec156,Microsoft Stream for O365 E3 SKU
9953b155-8aef-4c56-92f3-72b0487fce41,Microsoft Teams for GCCHigh (AR)
43de0ff5-c92c-492b-9116-175376d08c38,Office 365 ProPlus
e95bec33-7c88-4a70-8e19-b10bd9d0c014,Office Online
5dbe027f-2339-4123-9542-606e4d348a72,SharePoint Online (Plan 2)
c87f142c-d1e9-4363-8630-aaea9c4d9ae5,BPOS_S_TODO_2
8c7d2df8-86f0-4902-b2ed-a0458298f3b3,MICROSOFT STAFFHUB
efb87545-963c-4e0d-99df-69c6916d9eb0,EXCHANGE ONLINE (PLAN 2)
76846ad7-7776-4c40-a281-a386362dd1b9,FLOW FOR OFFICE 365
2789c901-c14e-48ab-a76a-be334d9d793a,MICROSOFT FORMS (PLAN E3)
27216c54-caf8-4d0d-97e2-517afb5c08f6,SKYPE FOR BUSINESS ONLINE (PLAN 3)
c68f8d98-5534-41c8-bf36-22fa496fa792,POWERAPPS FOR OFFICE 36
b737dad2-2f6c-4c65-90e3-ca563267e8b9,MICROSOFT PLANNE
bea4c11e-220a-4e6d-8eb8-8ea15d019f90,MICROSOFT Microsoft Entra RIGHTS
9e700747-8b1d-45e5-ab8d-ef187ceec156,MICROSOFT STREAM FOR O365 E3 SKU
57ff2da0-773e-42df-b2af-ffb7a2317929,TEAMS1
7547a3fe-08ee-4ccb-b430-5077c5041653,YAMMER_ENTERPRISE
28b0fa46-c39a-4188-89e2-58e979a6b014,Common Data Service - O365 P3
afa73018-811e-46e9-988f-f75d2b1b8430,Common Data Service for Teams_P3
2b815d45-56e4-4e3a-b65c-66cb9175b560,Information Protection and Governance Analytics - Standard
a413a9ff-720c-4822-98ef-2f37c2a21f4c,M365 Communication Compliance
bea4c11e-220a-4e6d-8eb8-8ea15d019f90,Microsoft Microsoft Entra Rights
0898bdbb-73b0-471a-81e5-20f1fe4dd66e,Microsoft Kaizala
6c6042f5-6f01-4d67-b8c1-eb99d36eed3e,Microsoft Stream for O365 E5 SKU
8c098270-9dd4-4350-9b30-ba4703f3b36b,Office 365 Advanced Security Management
ded3d325-1bdc-453e-8432-5bac26d7a014,Power Virtual Agents for Office 365 P3
9c0dab89-a30c-4117-86e7-97bda240acd2,PowerApps for Office 365 Plan 3
41fcdd7d-4733-4863-9cf4-c65b83ce2df4,Microsoft Communications Compliance
3ec18638-bd4c-4d3b-8905-479ed636b83e,Customer Lockbox (A)
43de0ff5-c92c-492b-9116-175376d08c38,Microsoft 365 Apps for enterprise
bea4c11e-220a-4e6d-8eb8-8ea15d019f90,Azure Rights Management
afa73018-811e-46e9-988f-f75d2b1b8430,Common Data Service for Teams
9f431833-0334-42de-a7dc-70aa40db46db,Customer Lockbox
efb87545-963c-4e0d-99df-69c6916d9eb0,Exchange Online (Plan 2)
33c4f319-9bdd-48d6-9c4d-410b750a4a5a,Insights by MyAnalytics
43de0ff5-c92c-492b-9116-175376d08c38,Microsoft 365 Apps for Enterprise
46129a58-a698-46f0-aa5b-17f6586297d9,Microsoft Data Investigations
f20fedf3-f3c3-43c3-8267-2bfdd51c0939,Microsoft Defender for Office 365 (Plan 1)
8e0c0a52-6a6c-4d40-8370-dd62790dcd70,Microsoft Defender for Office 365 (Plan 2)
531ee2f8-b1cb-453b-9c21-d2180d014ca5,Microsoft Excel Advanced Analytics
e212cbc7-0961-4c40-9825-01117710dcb1,Microsoft Forms (Plan E5)
0898bdbb-73b0-471a-81e5-20f1fe4dd66e,Microsoft Kaizala Pro
34c0d7a0-a70f-4668-9238-47f9fc208882,Microsoft MyAnalytics (Full)
6c6042f5-6f01-4d67-b8c1-eb99d36eed3e,Microsoft Stream for Office 365 E5
4de31727-a228-4ec3-a5bf-8e45b5ca48cc,Office 365 Advanced eDiscovery
b1188c4c-1b36-4018-b48b-ee07604f6feb,Office 365 Privileged Access Management
9c0dab89-a30c-4117-86e7-97bda240acd2,Power Apps for Office 365 (Plan 3)
b21a6b06-1988-436e-a07b-51ec6d9f52ad,Project for Office (Plan E5)
41fcdd7d-4733-4863-9cf4-c65b83ce2df4,RETIRED - Microsoft Communications Compliance
28b0fa46-c39a-4188-89e2-58e979a6b014,Common Data Service
07699545-9485-468e-95b6-2fca3738be01,Power Automate for Office 365
ded3d325-1bdc-453e-8432-5bac26d7a014,Power Virtual Agents for Office 365
ca6e61ec-d4f4-41eb-8b88-d96e0e14323f,Common Data Service - O365 F1
90db65a7-bf11-4904-a79f-ef657605145b,Common Data Service for Teams_F1
73b2a583-6a59-42e3-8e83-54db46bc3278,Microsoft Kaizala Pro Plan 1
ba2fdb48-290b-4632-b46a-e4ecc58ac11a,Power Virtual Agents for Office 365 F1
f07046bd-2a3c-4b96-b0be-dea79d7cbfb8,Microsoft Forms (Plan F1)
73b2a583-6a59-42e3-8e83-54db46bc3278,Microsoft Kaizala Pro
8c7d2df8-86f0-4902-b2ed-a0458298f3b3,Microsoft StaffHub
7f6f28c2-34bb-4d4b-be36-48ca2e77e1ec,Project for Office (Plan F)
80873e7a-cd2a-4e67-b061-1b5381a676a5,To-Do (Firstline)
a82fbf69-b4d7-49f4-83a6-915b2cf354f4,Viva Engage Core
b76fb638-6ba6-402a-b9f9-83d28acb3d86,Viva Learning Seeded
36b29273-c6d0-477a-aca6-6fbe24f538e3,Whiteboard (Firstline)
7547a3fe-08ee-4ccb-b430-5077c5041653,Yammer Enterprise
e0287f9f-e222-4f98-9a83-f379e249159a,Power Apps for Office 365 F3
bd91b1a4-9f94-4ecf-b45b-3a65e5c8128a,Power Automate for Office 365 F3
ba2fdb48-290b-4632-b46a-e4ecc58ac11a,Power Virtual Agents for Office 365
90db65a7-bf11-4904-a79f-ef657605145b,Common Data Service for Teams
4a82b400-a79f-41a4-b4e2-e94f5787b113,Exchange Online Kiosk
59fb5884-fdec-40bf-aa7f-89e2bae79a7a,Microsoft Forms (Plan F1) for GCCHigh
b737dad2-2f6c-4c65-90e3-ca563267e8b9,Microsoft Planner
fc9f7921-4ca5-42c6-8533-1b84c4ee496b,Microsoft Search for Arlington
9953b155-8aef-4c56-92f3-72b0487fce41,Microsoft Teams for GCCHigh
c63d4d19-e8cb-460e-b37c-4d6c34603745,Office Mobile Apps for Office 365
902b47e5-dcb2-4fdc-858b-c63a90a2bdb9,SharePoint Kiosk
afc06cb0-b4f4-4473-8286-d644f70d8faf,Skype for Business Online (Plan 1)
ca6e61ec-d4f4-41eb-8b88-d96e0e14323f,Common Data Service
3ffba0d2-38e5-4d5e-8ec0-98f2b05c09d9,Microsoft Stream for Office 365 F3
b9f1a92f-d4c7-477b-b64c-e23d7b4e8cf9,Power Apps for Office 365 F3 for GCCHigh
1db85bca-cd60-4bf5-ae54-641e0778a532,Power Automate for Office 365 F3 for GCCHigh
8eb5e9bc-783f-4425-921a-c65f45dd72c6,Common Data Service - O365 P1 GCC
959e5dec-6522-4d44-8349-132c27c3795a,Common Data Service for Teams_P1 GCC
e9b4930a-925f-45e2-ac2a-3f7788ca6fdd,Exchange Online (Plan 1) for Government
f4cba850-4f34-4fd2-a341-0fddfdce1e8f,Forms for Government (Plan E1)
15267263-5986-449d-ac5c-124f3b49b2d6,Microsoft Stream for O365 for Government (E1)
f9c43823-deb4-46a8-aa65-8b551f0c4f8a,SharePoint Plan 1G
5e62787c-c316-451f-b873-1d05acd4d12c,To-Do (Plan 1)
b8afc642-032e-4de5-8c0a-507a7bba7e5d,Whiteboard (Plan 1)
c87f142c-d1e9-4363-8630-aaea9c4d9ae5,To-Do (Plan 2)
94a54592-cd8b-425e-87c6-97868b000b91,Whiteboard (Plan 2)
a70bbf38-cdda-470d-adb8-5804b8770f41,Common Data Service for Teams
6e5b7995-bd4f-4cbd-9d19-0e32010c72f0,Insights by MyAnalytics for Government
24af5f65-d0f3-467b-9f78-ea798c4aeffc,Microsoft Forms for Government (Plan E3)
db4d623d-b514-490b-b7ef-8885eee514de,Nucleus
e7d09ae4-099a-4c34-a2a2-3e166e95c44a,Project for Government (Plan E3)
2c1ada27-dbaa-46f9-bda6-ecb94445f758,Stream for Office 365 for Government (E3)
06162da2-ebf9-4954-99a0-00fee96f95cc,Common Data Service
db23fce2-a974-42ef-9002-d78dd42a0f22,Microsoft 365 Phone System for Government
bce5e5ca-c2fd-4d53-8ee2-58dfffed4c10,Common Data Service for Teams
89b5d3b1-3855-49fe-b46c-87c66dbc1526,Customer Lockbox for Government
8c3069c0-ccdb-44be-ab77-986203a67df2,Exchange Online (Plan 2) for Government
a6520331-d7d4-4276-95f5-15c0933bc757,Graph Connectors Search with Index
c4801e8a-cb58-4c35-aca6-f2dcc106f287,Information Barriers
d9fa6af4-e046-4c89-9226-729a0786685d,Information Protection and Governance Analytics - Premium
2b815d45-56e4-4e3a-b65c-66cb9175b560,Information Protection and Governance Analytics � Standard
efb0351d-3b08-4503-993d-383af8de41e3,Information Protection for Office 365 - Premium
5136a095-5cf0-4aff-bec3-e84448b38ea5,Information Protection for Office 365 - Standard
2f442157-a11c-46b9-ae5b-6e39ff4e5849,Microsoft 365 Advanced Auditing
de9234ff-6483-44d9-b15e-dca72fdd27af,Microsoft 365 Apps for enterprise G
f544b08d-1645-4287-82de-8d91f37c02a1,Microsoft 365 Audio Conferencing for Government
a413a9ff-720c-4822-98ef-2f37c2a21f4c,Microsoft 365 Communication Compliance
bf28f719-7844-4079-9c78-c1307898e192,Microsoft 365 Defender
199a5c09-e0ca-4e37-8f7c-b05d533e1ea2,Microsoft Bookings
6dc145d6-95dd-4191-b9c3-185575ee6f6b,Microsoft Communications DLP
6db1f1db-2b46-403f-be40-e39395f08dbb,Microsoft Customer Key
493ff600-6a2b-4db6-ad37-a7d4eb214516,Microsoft Defender for Office 365 (Plan 1) for Government
900018f1-0cdb-4ecb-94d4-90281760fdc6,Microsoft Defender for Office 365 (Plan 2) for Government
843da3a8-d2cc-4e7a-9e90-dc46019f964c,Microsoft Forms for Government (Plan E5)
e26c2fcc-ab91-4a61-b35c-03cdc8dddf66,Microsoft Information Governance
208120d1-9adb-4daf-8c22-816bd5d237e7,Microsoft MyAnalytics for Government (Full)
65cc641f-cccd-4643-97e0-a17e3045e541,Microsoft Records Management
304767db-7d23-49e8-a945-4a7eb65f9f28,Microsoft Teams for Government
882e1d05-acd1-4ccb-8708-6ee03664b117,Mobile Device Management for Office 365
d1cbfb67-18a8-4792-b643-630b7f19aad1,Office 365 Advanced eDiscovery for Government
8c098270-9dd4-4350-9b30-ba4703f3b36b,Office 365 Cloud App Security
5b4ef465-7ea1-459a-9f91-033317755a51,Office 365 Planner for Government
617b097b-4b93-4ede-83de-5f075bb5fb2f,Premium Encryption in Office 365
9b7c50ec-cd50-44f2-bf48-d72de6f90717,Project for Government (Plan E5)
a31ef4a2-f787-435e-8335-e47eb0cafc94,Skype for Business Online (Plan 2) for Government
92c2089d-9a53-49fe-b1a6-9e6bdf959547,Stream for Office 365 for Government (E5)
3fb82609-8c27-4f7b-bd51-30634711ee67,To-Do (Plan 3)
6a76346d-5d6e-4051-9fe3-ed3f312b5597,Azure Rights Management
a7d3fb37-b6df-4085-b509-50810d991a39,Common Data Service
fc52cc4b-ed7d-472d-bbe7-b081c23ecc56,EXCHANGE ONLINE PLAN
b2669e95-76ef-4e7e-a367-002f60a39f3e,SKYPE FOR BUSINESS ONLINE (PLAN 2) FOR MIDSIZ
43de0ff5-c92c-492b-9116-175376d08c38,OFFICESUBSCRIPTION
6b5b6a67-fc72-4a1f-a2b5-beecf05de761,SHAREPOINT PLAN 1
41bf139a-4e60-409f-9346-a1361efc6dfb,YAMMER_MIDSIZE
d42bdbd6-c335-4231-ab3d-c8f348d5aff5,EXCHANGE ONLINE (P1)
70710b6b-3ab4-4a38-9f6d-9f169461650a,SKYPE FOR BUSINESS ONLINE (PLAN P1)
8ca59559-e2ca-470b-b7dd-afd8c0dee963,OFFICE 365 SMALL BUSINESS SUBSCRIPTION
a1f3d0a8-84c0-4ae0-bae4-685917b8ab48,SHAREPOINTLITE
7251de8f-ecfb-481e-bcff-4af4f1a4573c,Data integration for Project with Power Automate for GCC
94065c59-bc8e-4e8b-89e5-5138d471eaff,Microsoft Search
4ccb60ee-9523-48fd-8f63-4b090f1ad77a,Office Mobile Apps for Office 365 for GCC
13696edf-5a08-49f6-8134-03083ed8ba30,ONEDRIVESTANDARD
afcafa6a-d966-4462-918c-ec0b4e0fe642,ONEDRIVEENTERPRISE
684a2229-5c57-43ab-b69f-f86fe8997358,Common Data Service for Project P5 for GCC
91f50f7b-2204-4803-acac-5cf5668b8b39,DO NOT USE - AI Builder capacity Per User add-on
49f06c3d-da7d-4fa0-bcce-1458fdd18a59,Power Apps for Office 365 F3 for Government
c42aa49a-f357-45d5-9972-bc29df885fee,Power Apps for Office 365 for Government
0a20c815-5e81-4727-9bdc-2b5a117850c3,Power Apps for Office 365 for Government
0eacfc38-458a-40d3-9eab-9671258f1a3e,Power Apps for Office 365 for Government
2c6af4f1-e7b6-4d59-bbc8-eaa884f42d69,Power Automate for Dynamics 365 for Government
47bdde6a-959f-4c7f-8d59-3243e34f1cb3,Power Automate for Dynamics 365 Team Members for Government
5d32692e-5b24-4a59-a77e-b2a8650e25c1,Power Automate for Office 365 F3 for Government
ad6c8870-6356-474c-901c-64d7da8cea48,Power Automate for Office 365 for Government
c537f360-6a00-4ace-a7f5-9128d0ac1e4b,Power Automate for Office 365 for Government
8055d84a-c172-42eb-b997-6c2ae4628246,Power Automate for Office 365 for Government
06879193-37cc-4976-8991-f8165c994ce7,Power Automate P2 for Dynamics 365 for Government
3089c02b-e533-4b73-96a5-01fa648c3c3c,PowerApps for Dynamics 365 for Government
63efc247-5f28-43e3-a2f8-00c183e3f1db,PowerApps for Dynamics 365 Team Members for Government
51729bb5-7564-4927-8df8-9f5b12279cf3,PowerApps Plan 2 for Dynamics 365 for Government
0b4346bb-8dc3-4079-9dfc-513696f56039,LOGIC FLOWS
2c4ec2dc-c62d-4167-a966-52a3e6374015,MICROSOFT POWER VIDEOS BASIC
e61a2945-1d4e-4523-b6e7-30ba39d20f32,MICROSOFT POWERAPPS
94a669d1-84d5-4e54-8462-53b0ae2c8be5,CDS Per app baseline access
dd14867e-8d31-4779-a595-304405f5ad39,Flow per app baseline access
35122886-cef5-44a3-ab36-97134eabd9ba,PowerApps per app baseline access
ee493f70-a3b3-4204-9511-e3f6083b8df3,CDS Power Apps Per App Custom GCC
9f2f00ad-21ae-4ceb-994b-d8bc7be90999,CDS PowerApps per app plan
b4f657ff-d83e-4053-909d-baa2b595ec97,Power Apps per App Plan
14f8dac2-0784-4daa-9cb2-6d670b088d64,Power Apps per app
c539fa36-a64e-479a-82e1-e40ff2aa83ee,Power Automate for Power Apps per App Plan
c2da6658-f89d-49f2-9508-40431dee115b,CDS Power Apps Per App Custom New
5d7a2e9a-4ee5-4f1c-bc9f-abc481bf39d8,AI Builder capacity Per App add-on
6f0e9100-ff66-41ce-96fc-3d8b7ad26887,Dataverse for Power Apps per app
70091fc8-1836-470f-a386-f4e6639cb04e,Power Apps per app for GCC
d7f9c9bc-0a28-4da4-b5f1-731acb27a3e4,CDS PowerApps per app plan for GCC
be6e5cba-3661-424c-b79a-6d95fa1d849a,Power Apps per App Plan for Government
8e2c2c3d-07f6-4da7-86a9-e78cc8c2c8b9,Power Automate for Power Apps per App Plan for Government
60bf28f9-2b70-4522-96f7-335f5e06c941,Power Pages Internal User
2e8dde43-6986-479d-b179-7dbe31c31f60,CDS Power Apps Per User Custom
ea2cf03b-ac60-46ae-9c1d-eeaeb63cec86,Power Apps per User Plan
dc789ed8-0170-4b65-a415-eb77d5bb350a,Power Automate for Power Apps per User Plan
91f50f7b-2204-4803-acac-5cf5668b8b39,AI Builder capacity Per User add-on
74d93933-6f22-436e-9441-66d205435abb,AI Builder capacity Per User add-on
8f55b472-f8bf-40a9-be30-e29919d4ddfe,Power Apps per User Plan for Government
8e3eb3bd-bc99-4221-81b8-8b8bc882e128,Power Automate for Power Apps per User Plan for GCC
ce361df2-f2a5-4713-953f-4050ba09aad8,Common Data Service for Government
774da41c-a8b3-47c1-8322-b9c1ab68be9f,Power Automate (Plan 1) for Government
5ce719f1-169f-4021-8a64-7d24dcaec15f,PowerApps Plan 1 for Government
0f7b9a29-7990-44ff-9d05-a76be778f410,Common Data Service Power Apps Portals Login Capacity for GCC
bea6aef1-f52d-4cce-ae09-bed96c4b1811,Power Apps Portals Login Capacity Add-On for Government
32ad3a4e-2272-43b4-88d0-80d284258208,Common Data Service Power Apps Portals Login Capacity
084747ad-b095-4a57-b41f-061d84d69f6f,Power Apps Portals Login Capacity Add-On
72c30473-7845-460a-9feb-b58f216e8694,CDS PowerApps Portals page view capacity add-on
1c5a559a-ec06-4f76-be5b-6a315418495f,Power Apps Portals Page View Capacity Add-On
352257a9-db78-4217-a29d-8b8d4705b014,CDS PowerApps Portals page view capacity add-on for GCC
483d5646-7724-46ac-ad71-c78b7f099d8d,Power Apps Portals Page View Capacity Add-On for Government
c84e52ae-1906-4947-ac4d-6fb3e5bf7c2e,Common data service for Flow per business process plan
7e017b61-a6e0-4bdc-861a-932846591f6e,Flow per business process plan
54b61386-c818-4634-8400-61c9e8f6acd3,Common Data Service for Power Automate per Business Process Plan for GCC
cb83e771-a077-4a73-9201-d955585b29fa,Power Automate per Business Process Plan for Government
6ea4c1ef-c259-46df-bce2-943342cd3cb2,Common Data Service - P2
c5002c70-f725-4367-b409-f0eff4fee6c0,Flow per user plan
37396c73-2203-48e6-8be1-d882dae53275,Common Data Service for Government
769b8bee-2779-4c5a-9456-6f4f8629fd41,Power Automate per User Plan for Government
3da2fd4c-1bee-4b61-a17f-94c31e5cab93,Common Data Service Attended RPA
375cd0ad-c407-49fd-866a-0bff4f8a9a4d,Power Automate RPA Attended
4802707d-47e1-45dc-82c5-b6981f0fb38c,Common Data Service Attended RPA for Government
fb613c67-1a58-4645-a8df-21e95a37d433,Power Automate Attended RPA for Government
b475952f-128a-4a44-b82a-0b98a45ca7fb,Common Data Service Unattended RPA
0d373a98-a27a-426f-8993-f9a425ae99c5,Power Automate Unattended RPA add-on
5141c408-df3d-456a-9878-a65119b0a750,Common Data Service Unattended RPA for Government
45e63e9f-6dd9-41fd-bd41-93bfa008c537,Power Automate Unattended RPA for Government
fc0a60aa-feee-4746-a0e3-aecfe81a38dd,Microsoft Power BI Information Services Plan 1
2125cfd7-2110-4567-83c4-c1cd5275163d,Microsoft Power BI Reporting and Analytics Plan 1
2125cfd7-2110-4567-83c4-c1cd5275163d,MICROSOFT POWER BI REPORTING AND ANALYTICS PLAN 1
fc0a60aa-feee-4746-a0e3-aecfe81a38dd,MICROSOFT POWER BI INFORMATION SERVICES PLAN
9da49a6d-707a-48a1-b44a-53dcde5267f8,Power BI Premium P
30df3dbd-5bf6-4d74-9417-cccc096595e4,Power BI Premium P1 for GCC
0bf3c642-7bb5-4ccc-884e-59d09df0266c,Power BI Premium Per User
32d15238-9a8c-46da-af3f-21fc5351d365,Power BI Premium Per User for Government
70d33638-9c74-4d01-bfd3-562de28bd4ba,Power BI Pro
944e9726-f011-4353-b654-5f7d2663db76,Power BI Pro for Government
967d9574-a076-4bb7-ab89-f41f64bc142e,Power Pages Authenticated Users per site monthly capacity China
0d3366f3-266e-4117-b422-7cabbc165e7c,Power Pages Authenticated Users per site monthly capacity
cdf787bd-1546-48d2-9e93-b21f9ea7067a,Power Pages Authenticated Users per site monthly capacity GCC
03300fea-7a88-45a6-b5bd-29653803c591,Power Pages Authenticated Users per site monthly capacity DoD
7aae746a-3463-4737-b295-3c1a16c31438,Dataverse for Power Pages Authenticated users per site
18e74ca2-b5f0-4802-9a8b-00d2ff1e8322,Power Pages Authenticated Users per site monthly capacity GCCH
5410f688-68f2-47a5-9b8f-7466194a806a,Power Pages Authenticated Users per site mthly capacity GCCH New
17ab22cd-a0b3-4536-910a-cb6eb12696c0,Common Data Service
6817d093-2d30-4249-8bd6-774f01efa78c,Power Pages vTrial for Makers
0a0a23fa-fea1-4195-bb89-b4789cb12f7f,Common Data Service for Virtual Agent Base
4b81a949-69a1-4409-ad34-9791a6ec88aa,Power Automate for Virtual Agent
f6934f16-83d3-4f3b-ad27-c6e9c187b260,Virtual Agent Base
e4d0b25d-e440-4ee9-aac4-1d5a5db9f3ef,Dataverse for Virtual Agent Base for GCC
e425b9f6-1543-45a0-8efb-f8fdaf18cba1,Virtual Agent Base for GCC
cb867b3c-7f38-4d0d-99ce-e29cd69812c8,Common Data Service
82f141c9-2e87-4f43-8cb2-12d2701dc6b3,Power Automate for Virtual Agent
1263586c-59a4-4ad0-85e1-d50bc7149501,Virtual Agent
95df1203-fee7-4726-b7e1-8037a8e899eb,Dataverse for Virtual Agent USL for GCC
0b939472-1861-45f1-ab6d-208f359c05cd,Flow for Virtual Agent for GCC
f9f6db16-ace6-4838-b11c-892ee75e810a,Power Automate for Virtual Agent for GCC
0bdd5466-65c3-470a-9fa6-f679b48286b0,Power Virtual Agent USL for GCC
cf7034ed-348f-42eb-8bbd-dddeea43ee81,Common Data Service for CCI Bots
ce312d15-8fdf-44c0-9974-a25a177125ee,Dynamics 365 AI for Customer Service Virtual Agents Viral
5d798708-6473-48ad-9776-3acc301c40af,Flow for CCI Bots
cd31b152-6326-4d1b-ae1b-997b625182e6,Data Classification in Microsoft 365
f281fb1f-99a7-46ab-9edb-ffd74e260ed3,Priva - Risk
ebb17a6e-6002-4f65-acb0-d386480cebc1,Priva - Risk (Exchange)
93d24177-c2c3-408a-821d-3d25dfa66e7a,Privacy Management - Subject Rights Request (1)
07a4098c-3f2d-427f-bfe2-5889ed75dd7b,Privacy Management - Subject Rights Request (1 - Exchange)
93d24177-c2c3-408a-821d-3d25dfa66e7a,Privacy Management - Subject Rights Request (1 - Exchange)
07a4098c-3f2d-427f-bfe2-5889ed75dd7b,Privacy Management - Subject Rights Request (1)
f0241705-7b44-4401-a6b6-7055062b5b03,Privacy Management - Subject Rights Request (10 - Exchange)
74853901-d7a9-428e-895d-f4c8687a9f0b,Privacy Management - Subject Rights Request (10)
8bbd1fea-6dc6-4aef-8abc-79af22d746e4,Privacy Management - Subject Rights Request
7ca7f875-98db-4458-ab1b-47503826dd73,Privacy Management - Subject Rights Request (Exchange)
5b96ffc4-3853-4cf4-af50-e38505080f6b,Data Classification in Microsoft 365 - Company Level
5c221cec-2c39-435b-a1e2-7cdd7fac5913,Privacy Management - Subject Rights Request (100 - Exchange)
500f440d-167e-4030-a3a7-8cd35421fbd8,Privacy Management - Subject Rights Request (100)
159f4cd6-e380-449f-a816-af1a9ef76344,Microsoft Forms (Plan E1)
fdcb7064-f45c-46fa-b056-7e0e9fdf4bf3,Project Online Essentials for Government
159f4cd6-e380-449f-a816-af1a9ef76344,MICROSOFT FORMS (PLAN E1)
fafd7243-e5c1-4a3a-9e40-495efcb1d3c3,PROJECT ONLINE DESKTOP CLIENT
fe71d6c3-a2ea-4499-9778-da042bf08063,SHAREPOINT_PROJECT
e95bec33-7c88-4a70-8e19-b10bd9d0c014,OFFICE ONLINE
a23b959c-7ce8-4e57-9140-b90eb88a9e97,SWAY
a6f677b3-62a6-4644-93e7-2a85d240845e,COMMON DATA SERVICE FOR PROJECT P1
00283e6b-2bd8-440f-a2d5-87358e4c89a1,POWER AUTOMATE FOR PROJECT P1
1259157c-8581-4875-bca7-2ffb18c51bda,PROJECT ONLINE ESSENTIALS
4a12c688-56c6-461a-87b1-30d6f32136f9,PROJECT P1
c7699d2e-19aa-44de-8edf-1736da088ca1,SHAREPOINT
a6f677b3-62a6-4644-93e7-2a85d240845e,Common Data Service for Project P1
00283e6b-2bd8-440f-a2d5-87358e4c89a1,Power Automate for Project P1
1259157c-8581-4875-bca7-2ffb18c51bda,Project Online Essentials
4a12c688-56c6-461a-87b1-30d6f32136f9,Project P1
c7699d2e-19aa-44de-8edf-1736da088ca1,SHAREPOINT STANDARD
e95bec33-7c88-4a70-8e19-b10bd9d0c014,Office for the web
fa200448-008c-4acb-abd4-ea106ed2199d,Flow for Project
818523f5-016b-4355-9be8-ed6944946ea7,Project P3
986d454b-9027-4d9f-880b-f1b68f920cc4,Microsoft Teams Audio Conferencing with dial-out to select geographies for GCC
e95bec33-7c88-4a70-8e19-b10bd9d0c014,Office for the Web
fe71d6c3-a2ea-4499-9778-da042bf08063,Project Online Service
5dbe027f-2339-4123-9542-606e4d348a72,SharePoint (Plan 2)
fafd7243-e5c1-4a3a-9e40-495efcb1d3c3,Project Online Desktop Client
22572403-045f-432b-a660-af949c0a77b5,Project P3 for Faculty
e03c7e47-402c-463c-ab25-949079bedb21,Office Online for Education
fafd7243-e5c1-4a3a-9e40-495efcb1d3c3,Project Client
664a2fed-6c7a-468e-af35-d61740f0ec90,Project Online for Education
63038b2c-28d0-45f6-bc36-33062963b498,SharePoint Plan 2 for EDU
50554c47-71d9-49fd-bc54-42a2765c555c,Common Data Service for Project
fa200448-008c-4acb-abd4-ea106ed2199d,Power Automate for Project
83837d9c-c21a-46a0-873e-d834c94015d6,Common Data Service for Project for GCC
8f9f0f3b-ca90-406c-a842-95579171f8ec,Office for the Web for Government
45c6831b-ad74-4c7f-bd03-7c2b3fa39067,Project Online Desktop Client
e57afa78-1f19-4542-ba13-b32cd4d8f472,Project Online Service for Government
49c7bc16-7004-4df6-8cd5-4ec48b7e9ea0,Project P3 for GOV
153f85dd-d912-4762-af6c-d6e0fb4f6692,SharePoint Plan 2G
16687e20-06f9-4577-9cc0-34a2704260fc,Data integration for Project with Power Automate for GCC
9b5de886-f035-4ff2-b3d8-c9127bea3620,Microsoft Forms (Plan 2)
e03c7e47-402c-463c-ab25-949079bedb21,Office for the Web for Education
664a2fed-6c7a-468e-af35-d61740f0ec90,Project Online Service for Education
63038b2c-28d0-45f6-bc36-33062963b498,SharePoint (Plan 2) for Education
a23b959c-7ce8-4e57-9140-b90eb88a9e97,Sway
7a39d7dd-e456-4e09-842a-0204ee08187b,Rights Management Adhoc
31cf2cfc-6b0d-4adc-a336-88b724ed8122,Microsoft Azure Rights Management Service
a5f38206-2f48-4d83-9957-525f4e75e9c0,IoT Intelligence Add-in Additional Machines
83dd9619-c7d5-44da-9250-dc4ee79fff7e,Iot Intelligence Add-in for D365 Supply Chain Management
c7699d2e-19aa-44de-8edf-1736da088ca1,SHAREPOINTSTANDARD
5dbe027f-2339-4123-9542-606e4d348a72,SHAREPOINT ONLINE (PLAN 2)
3069d530-e41b-421c-ad59-fb1001a23e11,Common Data Service for SharePoint Syntex
f00bd55e-1633-416e-97c0-03684e42bc42,SharePoint Syntex
fd2e7f90-1010-487e-a11b-d2b1ae9651fc,SharePoint Syntex - SPO type
afc06cb0-b4f4-4473-8286-d644f70d8faf,SKYPE FOR BUSINESS ONLINE (PLAN 1)
0feaeb32-d00e-4d66-bd5a-43b5b83db82c,SKYPE FOR BUSINESS ONLINE (PLAN 2)
5a10155d-f5c1-411a-a8ec-e99aae125390,DOMESTIC AND INTERNATIONAL CALLING PLAN
4ed3ff63-69d7-4fb7-b984-5aec7f605ca8,DOMESTIC CALLING PLAN
54a152dc-90de-4996-93d2-bc47e670fc06,DOMESTIC CALLING PLAN
6b340437-d6f9-4dc5-8cc2-99163f7f83d6,MCOPSTN3
cb22fbd7-ed7d-4786-a27a-e4cd617b69c0,Teams Phone Mobile
4ed3ff63-69d7-4fb7-b984-5aec7f605ca8,Microsoft 365 Domestic Calling Plan
85704d55-2e73-47ee-93b4-4b8ea14db92b,Microsoft eCDN
acbca54f-c771-423b-a476-6d7a98cbbcec,Microsoft Mesh
0504111f-feb8-4a3c-992a-70280f9a2869,Microsoft Teams Premium Intelligent
cc8c0802-a325-43df-8cba-995d0c6cb373,Microsoft Teams Premium Personalized
f8b44f54-18bb-46a3-9658-44ab58712968,Microsoft Teams Premium Secure
9104f592-f2a7-4f77-904c-ca5a5715883f,Microsoft Teams Premium Virtual Appointment
711413d0-b36e-4cd4-93db-0a50a4ab7ea3,Microsoft Teams Premium Virtual Appointments
78b58230-ec7e-4309-913c-93a45cc4735b,Microsoft Teams Premium Webinar
bdaa59a3-74fd-4137-981a-31d4f84eb8a0,Meeting Room Managed Services
3e26ee1f-8a5f-4d52-aee2-b81ce45c8f40,Microsoft 365 Audio Conferencing
4828c8ec-dc2e-4779-b502-87ac9ce28ab7,Microsoft 365 Phone System
c1ec4a95-1f05-45b3-a911-aa3fa01094f5,Microsoft Intune
57ff2da0-773e-42df-b2af-ffb7a2317929,Microsoft Teams
0feaeb32-d00e-4d66-bd5a-43b5b83db82c,Skype for Business Online (Plan 2)
4a51bca5-1eff-43f5-878c-177680f191af,Whiteboard (Plan 3)
7861360b-dc3b-4eba-a3fc-0d323a035746,AUSTRALIA CALLING PLAN
da792a53-cbc0-4184-a10d-e544dd34b3c1,OneDrive for business Basic
2bdbaf8f-738f-4ac7-9234-3c3ee2ce7d0f,Visio web app
da792a53-cbc0-4184-a10d-e544dd34b3c1,ONEDRIVE FOR BUSINESS BASIC
663a804f-1c30-4ff0-9915-9db84f0d1cea,VISIO DESKTOP APP
2bdbaf8f-738f-4ac7-9234-3c3ee2ce7d0f,VISIO WEB APP
922ba911-5694-4e99-a794-73aed9bfeec8,EXCHANGE FOUNDATION FOR GOVERNMENT
98709c2e-96b5-4244-95f5-a0ebe139fb8a,ONEDRIVE FOR BUSINESS BASIC FOR GOVERNMENT
f85945f4-7a55-4009-bc39-6a5f14a8eac1,VISIO DESKTOP APP FOR Government
8a9ecb07-cfc0-48ab-866c-f83c4d911576,VISIO WEB APP FOR GOVERNMENT
da792a53-cbc0-4184-a10d-e544dd34b3c1,OneDrive for Business (Basic)
663a804f-1c30-4ff0-9915-9db84f0d1cea,Visio Desktop App
2bdbaf8f-738f-4ac7-9234-3c3ee2ce7d0f,Visio Web App
b44c6eaf-5c9f-478c-8f16-8cea26353bfb,Viva Goals
b74d57b2-58e9-484a-9731-aeccbba954f0,Graph Connectors Search with Index (Viva Topics)
c815c93d-0759-4bb8-b857-bc921a71be83,Viva Topics
21b439ba-a0ca-424f-a6cc-52f954a5b111,Windows 10/11 Enterprise (Original)
871d91ec-ec1a-452b-a83f-bd76c7d770ef,Microsoft Defender for Endpoint
21b439ba-a0ca-424f-a6cc-52f954a5b111,WINDOWS 10 ENTERPRISE
795f6fe0-cc4d-4773-b050-5dde4dc704c9,UNIVERSAL PRINT
e7c91390-7625-45be-94e0-e16907e03118,WINDOWS 10 ENTERPRISE (NEW)
7bf960f6-2cd9-443a-8046-5dbff9558365,WINDOWS UPDATE FOR BUSINESS DEPLOYMENT SERVICE
922ba911-5694-4e99-a794-73aed9bfeec8,Exchange Foundation for Government
871d91ec-ec1a-452b-a83f-bd76c7d770ef,Microsoft Defender For Endpoint
e7c91390-7625-45be-94e0-e16907e03118,Windows 10 Enterprise (New)
795f6fe0-cc4d-4773-b050-5dde4dc704c9,Universal Print
e7c91390-7625-45be-94e0-e16907e03118,Windows 10/11 Enterprise
9a6eeb79-0b4b-4bf0-9808-39d99a2cd5a3,Windows Autopatch
7bf960f6-2cd9-443a-8046-5dbff9558365,Windows Update for Business Deployment Service
59231cdf-b40d-4534-a93e-14d0cd31d27e,Dataverse for PAD
2d589a15-b171-4e61-9b5f-31d15eeb2872,PAD for Windows
3b98b912-1720-4a1e-9630-c9a41dbb61d8,Windows 365 Business 1 vCPU 2 GB 64 GB
1a13832e-cd79-497d-be76-24186f55c8b0,Windows 365 Business 2 vCPU 4 GB 128 GB
a0b1c075-51c9-4a42-b34c-308f3993bb7e,Windows 365 Business 2 vCPU 4 GB 256 GB
a790cd6e-a153-4461-83c7-e127037830b6,Windows 365 Business 2 vCPU 4 GB 64 GB
9d2eed2c-b0c0-4a89-940c-bc303444a41b,"Windows 365 Business 2 vCPU, 8 GB, 128 GB"
1a3ef005-2ef6-434b-8be1-faa56c892854,Windows 365 Business 2 vCPU 8 GB 256 GB
1d4f75d3-a19b-49aa-88cb-f1ea1690b550,Windows 365 Business 4 vCPU 16 GB 128 GB
30f6e561-8805-41d0-80ce-f82698b72d7d,Windows 365 Business 4 vCPU 16 GB 256 GB
15499661-b229-4a1f-b0f9-bd5832ef7b3e,Windows 365 Business 4 vCPU 16 GB 512 GB
648005fc-b330-4bd9-8af6-771f28958ac0,Windows 365 Business 8 vCPU 32 GB 128 GB
d7a5113a-0276-4dc2-94f8-ca9f2c5ae078,Windows 365 Business 8 vCPU 32 GB 256 GB
6f23d6a9-adbf-481c-8538-b4c095654487,Microsoft 365 Lighthouse (Plan 1)
d55411c9-cfff-40a9-87c7-240f14df7da5,Microsoft 365 Lighthouse (Plan 2)
4229a0b4-7f34-4835-b068-6dc8d10be57c,Windows 365 Business 8 vCPU 32 GB 512 GB
86d70dbb-d4c6-4662-ba17-3014204cbb28,Windows 365 Enterprise 1 vCPU 2 GB 64 GB
23a25099-1b2f-4e07-84bd-b84606109438,Windows 365 Enterprise 2 vCPU 4 GB 64 GB
545e3611-3af8-49a5-9a0a-b7867968f4b0,Windows 365 Enterprise 2 vCPU 4 GB 128 GB
0d143570-9b92-4f57-adb5-e4efcd23b3bb,Windows 365 Enterprise 2 vCPU 4 GB 256 GB
3efff3fe-528a-4fc5-b1ba-845802cc764f,Windows 365 Enterprise 2 vCPU 8 GB 128 GB
d3468c8c-3545-4f44-a32f-b465934d2498,Windows 365 Enterprise 2 vCPU 8 GB 256 GB
2de9c682-ca3f-4f2b-b360-dfc4775db133,Windows 365 Enterprise 4 vCPU 16 GB 128 GB
9ecf691d-8b82-46cb-b254-cd061b2c02fb,Windows 365 Enterprise 4 vCPU 16 GB 256 GB
3bba9856-7cf2-4396-904a-00de74fba3a4,Windows 365 Enterprise 4 vCPU 16 GB 512 GB
2f3cdb12-bcde-4e37-8529-e9e09ec09e23,Windows 365 Enterprise 8 vCPU 32 GB 128 GB
69dc175c-dcff-4757-8389-d19e76acb45d,Windows 365 Enterprise 8 vCPU 32 GB 256 GB
113feb6c-3fe4-4440-bddc-54d774bf0318,Exchange Foundation
0e837228-8250-4047-8a80-d4a34ba11658,Windows 365 Enterprise 8 vCPU 32 GB 512 GB
64981bdb-a5a6-4a22-869f-a9455366d5bc,Windows 365 Shared Use 2 vCPU 4 GB 64 GB
51855c77-4d2e-4736-be67-6dca605f2b57,Windows 365 Shared Use 2 vCPU 4 GB 128 GB
aa8fbe7b-695c-4c05-8d45-d1dddf6f7616,Windows 365 Shared Use 2 vCPU 4 GB 256 GB
057efbfe-a95d-4263-acb0-12b4a31fed8d,Windows 365 Shared Use 2 vCPU 8 GB 128 GB
50ef7026-6174-40ba-bff7-f0e4fcddbf65,Windows 365 Shared Use 2 vCPU 8 GB 256 GB
dd3801e2-4aa1-4b16-a44b-243e55497584,Windows 365 Shared Use 4 vCPU 16 GB 128 GB
2d1d344e-d10c-41bb-953b-b3a47521dca0,Windows 365 Shared Use 4 vCPU 16 GB 256 GB
48b82071-99a5-4214-b493-406a637bd68d,Windows 365 Shared Use 4 vCPU 16 GB 512 GB
e4dee41f-a5c5-457d-b7d3-c309986fdbb2,Windows 365 Shared Use 8 vCPU 32 GB 128 GB
1e2321a0-f81c-4d43-a0d5-9895125706b8,Windows 365 Shared Use 8 vCPU 32 GB 256 GB
fa0b4021-0f60-4d95-bf68-95036285282a,Windows 365 Shared Use 8 vCPU 32 GB 512 GB
113feb6c-3fe4-4440-bddc-54d774bf0318,EXCHANGE FOUNDATION
a420f25f-a7b3-4ff5-a9d0-5d58f73b537d,WINDOWS STORE SERVICE
aaa2cd24-5519-450f-a1a0-160750710ca1,Windows Store for Business EDU Store_faculty
f477b0f0-3bb1-4890-940c-40fcee6ce05f,Microsoft Workplace Analytics
ff7b261f-d98b-415b-827c-42a3fdf015af,Microsoft Workplace Analytics Insights Backend
b622badb-1b45-48d5-920f-4b27a2c0996c,Microsoft Workplace Analytics Insights User
84c289f0-efcb-486f-8581-07f44fc9efad,Azure Active Directory workload identities P1
7dc0e92d-bf15-401d-907e-0884efe7c760,Azure Active Directory workload identities P2
